,name,vid_id
0,Counter-Strike: Global Offensive,edYCtaNueQY
1,Dota 2,-cSFPIwMEq4
2,Grand Theft Auto V,QkkoHAzjnUs
3,PUBG: BATTLEGROUNDS,fDLAFIhfFy4
4,Tom Clancy's Rainbow Six Siege,KlbLLRdg9u8
5,Terraria,w7uOhFTrrq0
6,Team Fortress 2,N7ZafWA2jd8
7,Garry's Mod,kgXVLw6qpFM
8,Rust,LGcECozNXEw
9,The Witcher 3: Wild Hunt,XHrskkHf958
10,Left 4 Dead 2,9XIle_kLHKU
11,Among Us,9pyYq9lpjls
12,PAYDAY 2,Gb-_DKC6wc4
13,Euro Truck Simulator 2,xlTuC18xVII
14,Rocket League,SgSX3gOrj60
15,Dead by Daylight,JGhIXLO3ul8
16,Wallpaper Engine,75-LDiXx98c
17,Unturned,DCU1ZFEiEMs
18,Warframe,Tua7aK6Y7NY
19,Stardew Valley,ot7uXNQskhs
20,ARK: Survival Evolved,5fIAPcVdZO8
21,Phasmophobia,sRa9oeo5KiY
22,Destiny 2,hdWkpbPTpmE
23,Cyberpunk 2077,BO8lX3hDU30
24,Fall Guys: Ultimate Knockout,lFQLOwUNR8g
25,Apex Legends,innmNewjkuk
26,The Forest,7mwn5U2PNvk
27,Valheim,liQLtCLq3tc
28,Don't Starve Together,dU-aq2JbLkk
29,The Elder Scrolls V: Skyrim,JSRtYpNRoN0
30,Monster Hunter: World,Ro6r15wzp2o
31,DARK SOULS III,cWBwFhUv1-8
32,Dying Light,6C9NFL6j44c
33,Portal 2,tax4e4hBBZc
34,Paladins,dEwEC2MKgeQ
35,Borderlands 2,kKVf5feSMEg
36,Brawlhalla,fnd71bqiiW0
37,Fallout 4,XW7Of3g2JME
38,War Thunder,VTzHj-R9McA
39,Red Dead Redemption 2,eaW0tYpxyp0
40,DayZ,7jk8prJA9nI
41,Tomb Raider,8ndhidEmUbI
42,Arma 3,Jioo5uXoNLg
43,Counter-Strike,edYCtaNueQY
44,Hollow Knight,UAO2urG23S4
45,The Binding of Isaac: Rebirth,T8t1eDP43OI
46,Subnautica,Rz2SNm8VguE
47,7 Days to Die,kOywC9iWDRs
48,Sid Meier's Civilization V,fMW5-YXTKtY
49,Hades,91t0ha9x0AE
50,Sea of Thieves,r5JIBaasuE8
51,Risk of Rain 2,pJ-aR--gScM
52,Cities: Skylines,CpWe03NhXKs
53,Halo: The Master Chief Collection,sUH4cv9EPwI
54,Doki Doki Literature Club!,NjKZG9HYP7U
55,Undertale,1Hojv0m3TqA
56,No Man's Sky,ifZA6IMeLs8
57,Sid Meier’s Civilization VI,5KdE0p2joJw
58,Path of Exile,9k9s1IDoRJ4
59,Geometry Dash,k90y6PIzIaE
60,Mount & Blade II: Bannerlord,2dWhozH6Plo
61,DOOM,SgSrpnW0EmU
62,Hearts of Iron IV,e9BiUtINy4w
63,Life is Strange - Episode 1,YznXuKwJtMg
64,Bloons TD 6,dvcQY0v0Ow8
65,New World,m1C5dLnvlzg
66,Human: Fall Flat,-Edk59BqSEU
67,Starbound,-O6PUh3reG0
68,Fallout: New Vegas,l-x-1fm2cq8
69,Raft,__w615A5lC4
70,Mount & Blade: Warband,VEyuUC2fYgI
71,Factorio,J8SBp4SyvLc
72,Half-Life 2,ID1dWN3n7q4
73,DOOM Eternal,_UuktemkCFI
74,Counter-Strike: Source,bvI62FUDpKA
75,RimWorld,3tDrxOASUog
76,SCP: Secret Laboratory,dC7hWOo60a0
77,Z1 Battle Royale,MJYedpyepSQ
78,BioShock Infinite,EsJ55BzIvkE
79,Insurgency,nXQQDlTI89Q
80,Deep Rock Galactic,Z1CoakwhGFg
81,鬼谷八荒 Tale of Immortal,r1uQQNwYgtM
82,VRChat,olSZuh7GnzI
83,Stellaris,zW3YB2ptGws
84,Assassin's Creed Odyssey,s_SJZSAtLBA
85,Rise of the Tomb Raider,qiYiddjc6cU
86,Slay the Spire,9SZUtyYSOjQ
87,BeamNG.drive,7vGYVUCmxeI
88,Total War: WARHAMMER II,fzgpPM_UA9E
89,Helltaker,CLCy87zqMSQ
90,Resident Evil 2,u3wS-Q2KBpk
91,Portal,6SGkpowbB64
92,Darkest Dungeon,AQLxdHfMPF8
93,Hunt: Showdown,nH9Gm36sJng
94,Forza Horizon 4,5xy4n73WOMM
95,Space Engineers,YWZQj-1oK8k
96,Titanfall 2,VqeMjHmL9eg
97,Killing Floor 2,PpH8oghfsT8
98,Kerbal Space Program,aAa9Ao26gtM
99,Halo Infinite,PyMlV5_HRWk
100,Far Cry 5,wVbwQ_I5QA0
101,The Elder Scrolls Online,uq1o2VG1ogY
102,American Truck Simulator,Yu32OisFgWI
103,Heroes & Generals,O3GCjsBtCW0
104,Call of Duty: Black Ops III,qAUYNIDEJ6o
105,Don't Starve,fXP4_2qRHng
106,Dead Cells,gX4cGcwmdsY
107,Age of Empires II (2013),X
108,Europa Universalis IV,hWQ8AXwHPQg
109,Robocraft,JGr1Em2Ip-c
110,theHunter: Call of the Wild,gFUv0Aoilq8
111,NieR:Automata,wJxNhJ8fjFk
112,Splitgate: Arena Warfare,xIPJxZMNhVs
113,Castle Crashers,_JcmxKOC4R0
114,Squad,vi9fkJBMdJE
115,Cuphead,NN-9SQXoi50
116,Stick Fight: The Game,YBlEslDQSEQ
117,People Playground,QFkESkzdVrE
118,Mirror,O92QxxgeCO8
119,Satisfactory,QvWaV4qshZQ
120,The Long Dark,WJ-1O_w2KTg
121,World of Tanks Blitz,oPbgoBUyBsw
122,Just Cause 3,k6Wb5LplWPk
123,MORDHAU,nFpoDlH6Sxs
124,Slime Rancher,oOL-dsa79Xs
125,Ori and the Will of the Wisps,2kPSl2vyu2Y
126,Borderlands 3,d9Gu1PspA3Y
127,Outlast,uKA-IA4locM
128,Totally Accurate Battle Simulator,ah6OVetEmFQ
129,ASTRONEER,UMLwzt5t9bs
130,STAR WARS Jedi: Fallen Order,0GLbwkfhYZk
131,SMITE,khsjzariacQ
132,Oxygen Not Included,wcLayGm_pM4
133,World of Warships,RQK6hH5-nwU
134,Scrap Mechanic,NF02KyJoXj0
135,FOR HONOR,y1HkuGUaNBY
136,Ring of Elysium,XMwBox8FITU
137,Insurgency: Sandstorm,nXQQDlTI89Q
138,Kingdom Come: Deliverance,w9IrhaJKwBY
139,Dota Underlords,m9MqIzmWG24
140,Far Cry 3,J6gnOVJsCsM
141,Black Mesa,V7vDsarvyoc
142,This War of Mine,Hxf1seOpijE
143,Company of Heroes 2,B5j0cBqhm3A
144,DEATH STRANDING,tCI396HyhbQ
145,Trove,ns1i_2SzeGE
146,Warhammer: Vermintide 2,9nDRryKVt_g
147,Hotline Miami,mg5s5Dq50Rg
148,Frostpunk,qqEpSOFDXGA
149,Little Nightmares,aOadxZBsPiA
150,Grim Dawn,BfABNZqU-PA
151,Battlefield V,fb1MR85XFOc
152,Devil May Cry 5,jHPAnj_Lcbo
153,Grand Theft Auto: San Andreas,yOzcbtsw_pQ
154,Half-Life,5Wavn29LMrs
155,Middle-earth: Shadow of Mordor,4rbOTQhasnM
156,NARAKA: BLADEPOINT,Q_uBBXiqL1s
157,Saints Row IV,0qhFgMRlgNo
158,METAL GEAR SOLID V: THE PHANTOM PAIN,XY3xyHX29Xc
159,Batman: Arkham Knight,f74AQUeXfBY
160,Half-Life: Alyx,O2W0N3uKXmo
161,Assassin's Creed Origins,X
162,DARK SOULS II: Scholar of the First Sin,2p71Wu1TkY4
163,Resident Evil Village,arEdruKxrQ8
164,Gunfire Reborn,X7C7DhWbz98
165,Dishonored,VeIn3WjbVbw
166,Middle-earth: Shadow of War,bhSfjt8jQyk
167,XCOM 2,ZlF4_o3qALo
168,BattleBlock Theater,pv1ZoHt6poI
169,Total War: THREE KINGDOMS,aOP1YugqRDk
170,Saints Row: The Third,_j5FAX8nEy8
171,Deceit,_Nc50F-W6to
172,POSTAL 2,C6rqiv4U5mg
173,Crusader Kings III,Demi3MfHHYw
174,Enter the Gungeon,Ekp92w8EbJ8
175,Elite Dangerous,dwvjElmFCfE
176,Metro Exodus,fbbqlvuovQ0
177,FTL: Faster Than Light,lQ4FRcu_bjs
178,Killing Floor,gKUb8KSZVPY
179,It Takes Two,ohClxMmNLQQ
180,Black Squad,xOGYU0nWizE
181,Crusader Kings II,qzkVTDfxIUI
182,Conan Exiles,NNOcrCV-N7E
183,Tom Clancy’s The Division,yPq_NVi-TC4
184,Totally Accurate Battlegrounds,bHgpKcR_ibM
185,HITMAN 2,R8aRCwbZGek
186,No More Room in Hell,BdmkLYYR1K4
187,NARUTO SHIPPUDEN: Ultimate Ninja STORM 4,SeBnDAD7mHE
188,To the Moon,sqkJuSV-23U
189,Aim Lab,TbpzIh3sp0Y
190,Beat Saber,vL39Sg2AqWg
191,Mad Max,hEJnMQG9ev8
192,Battlefield 1 ,c7nRTF2SowQ
193,Muse Dash,_twDDU9VBtg
194,Subnautica: Below Zero,eByKuI7_F7g
195,Project Zomboid,4eBy0woHWjA
196,Dyson Sphere Program,d6xHlPki-jE
197,Chivalry: Medieval Warfare,150hKZHpgLw
198,Farming Simulator 19,SKWR8B0LlhI
199,Prison Architect,Ro7h2Y7lTw0
200,The Walking Dead,qwOWJ8pPgk8
201,Assetto Corsa,TDFN-E30jhU
202,Metro 2033 Redux,rUOCBCTRNl0
203,PlanetSide 2,41QFL4QB3NE
204,Goat Simulator,dvWGLcdI8o8
205,Resident Evil 7 Biohazard,W1OUs3HwIuo
206,Minion Masters,XX3fliJL9CY
207,Hell Let Loose,S3hLu58KXg8
208,TEKKEN 7,kKLCwDg2JLA
209,Clicker Heroes,zAFiszhb2D0
210,Mortal Kombat 11,7zwQPJmg-Kg
211,Persona 4 Golden,Czj-dBcikvY
212,Warface,6lVcTfbZkjg
213,Everlasting Summer,O0luadioiQk
214,The Binding of Isaac,27Le3kOOFQk
215,Friday the 13th: The Game,do3GPzDR6d8
216,DARK SOULS: REMASTERED,Woe0PYZPxRw
217,House Flipper,nh4zuyi7vVM
218,Firewatch,d02lhvvVSy8
219,Battlerite,fv6p2xbGCIQ
220,SCUM,h488fgqQtZQ
221,Kenshi,Xd1XnmwD8zE
222,GRIS,BRiKQIVo7ao
223,Tom Clancy's Ghost Recon Wildlands,X
224,Dirty Bomb,HH0sHqvvhV8
225,South Park: The Stick of Truth,bkZHv-9e2ro
226,Just Survive,gbkLeTzUUK8
227,Fallout: New Vegas,l-x-1fm2cq8
228,"Papers, Please",_QP5X6fcukM
229,Planet Coaster,91Kli1Uwk9g
230,Fallout 76,M9FGaan35s0
231,FINAL FANTASY XIV Online,2XbxPsWFyU8
232,Planet Zoo,TAvzq-HrSoQ
233,XCOM: Enemy Unknown,UNyhyzjYCks
234,Celeste,70d9irlxiB4
235,Forza Horizon 5,Rv7xLt5yNsM
236,Tabletop Simulator,lKZVGZEuCHo
237,Ori and the Blind Forest,cklw-Yu3moE
238,Total War: SHOGUN 2,Tnx_Wr5TB5s
239,Broforce,y2K6dJSGb6g
240,Hellblade: Senua's Sacrifice,fBJ0ifVtK5c
241,Watch_Dogs 2,hh9x4NqW0Dw
242,Mafia II (Classic),vDdLd9FuuI0
243,Disco Elysium - The Final Cut,YV2lp6p_gXw
244,The Crew 2,MXN1nmL-DQU
245,Metro: Last Light Redux,KEdXiptHlVM
246,AdVenture Capitalist,rldUv258uNI
247,Assassin’s Creed IV Black Flag,OwVe4ZNeQZk
248,Alien: Isolation,7h0cgmvIrZw
249,"Star Wars: Battlefront 2 (Classic, 2005)",KiKT9i2Ourc
250,Just Cause 2,oTXqYg_S4Ps
251,Spec Ops: The Line,kIoJnMT3yUI
252,Yakuza 0,JCzACWVB9gQ
253,Inscryption,BRlnP67TAf4
254,DRAGON BALL FighterZ,oBI0MU73nlc
255,Ravenfield,-dEUki8vfaA
256,Fallout Shelter,HY4jCjufLG8
257,Katana ZERO,-GcJC0N07Nk
258,Call of Duty: Modern Warfare 2,blshENwbHgs
259,EA SPORTS FIFA 21,tuLAn9adQpI
260,Baldur's Gate 3,wWHEw36gTwU
261,Resident Evil 3,9LrLM4Hvr9U
262,Rising Storm 2: Vietnam,YqyeNcNKxXs
263,Besiege,27OvwrsOLL8
264,Dishonored 2,l1jyUAtxh-8
265,Wolfenstein: The New Order,LuCaBp9wgtE
266,Jurassic World Evolution,-V-0L1HeeAA
267,A Hat in Time,qDNz8JDIPck
268,Golf With Your Friends,no_IUGXGFEI
269,Plague Inc: Evolved,pSat_gLDXPc
270,Black Desert,DD4zMOvRrzM
271,LIMBO,3O--8AuuhgA
272,The Isle,sGp880IVevQ
273,PC Building Simulator,suxYHwm3Wus
274,Detroit: Become Human,EtF_iOZokiQ
275,Realm Royale,2k5-7jqhMOI
276,The Stanley Parable,fBtX0S2J32Y
277,Total War: WARHAMMER,qjzLuddjIUI
278,A Plague Tale: Innocence,CtP6mNeN6yE
279,Noita,0cDkmQ0F0Jw
280,Torchlight II,HH_sGQRSpzo
281,Car Mechanic Simulator 2018,LCTF8wKWFSU
282,SPORE,YTbzDMb5wr8
283,Hotline Miami 2: Wrong Number,Kqr0yUuSiTs
284,Left 4 Dead,Z5g3mrK82VA
285,Mortal Kombat X,jSi2LDkyKmI
286,Green Hell,QF28UilEFcU
287,Crossout,gxXyhXZSJVo
288,Call of Duty: World at War,ondfCsioE0E
289,Brothers - A Tale of Two Sons,DHohBVfhGDU
290,Resident Evil 4,u90nv3bfuB0
291,My Summer Car,ZzPdPYtqBt0
292,Northgard,mDN8PHOYnKc
293,PAYDAY The Heist,O3ZnBJRrYGg
294,Need for Speed Heat,9ewiJJe_nYI
295,F1 2020,wF0vF1uXXYU
296,Wolcen: Lords of Mayhem,MtxZiLjaU8w
297,The Sims 4,z00mK3Pxc8w
298,Loadout,91Y-OrL8yU0
299,Getting Over It with Bennett Foddy,wzjuQ3K72u4
300,OUTRIDERS,cwi0DjynazQ
301,Business Tour - Board Game with Online Multiplayer,td_dUWhAF2g
302,DARK SOULS II,U6uyuIQYlfY
303,Albion Online,eBU_Fxd0Jf4
304,Prey,LNHZ9WAertc
305,Realm of the Mad God Exalt,4-CAFrv9H5E
306,Game Dev Tycoon,jrcrMw55IO4
307,Battlefield 2042,LuXsKqwE3v8
308,古剑奇谭三(Gujian3),OF2VANDQfmQ
309,Max Payne 3,4Uc_dbG7MR8
310,INSIDE,YdXiyHaFeU4
311,Banished,Ls8FBFFjMxk
312,Remnant: From the Ashes,PqeDvBJraMk
313,Ghostrunner,b70uw0XxeLg
314,Red Dead Online,RrPyROxXeIg
315,NARUTO TO BORUTO: SHINOBI STRIKER,QVFGmpK2SvM
316,Battlefield 4,sclTMEd7JN8
317,CODE VEIN,tnvavfGL39c
318,CarX Drift Racing Online,jcIwFzNuC1Y
319,Hitman: Absolution,65gcndvshAY
320,Soundpad,hYCxJQbWZQg
321,Bastion,mX48y24t9iU
322,Far Cry 4,6d60v1OErEY
323,Alan Wake,sSB4QcQMm6E
324,My Time At Portia,nC_8tZCLA4I
325,Red Orchestra 2: Heroes of Stalingrad with Rising Storm,wG_BMqYqdDo
326,STAR WARS: The Old Republic,vgdzIYXqfnc
327,Cry of Fear,3GB1yXGrSsA
328,Life is Strange: Before the Storm,bVq3JMcA9qQ
329,DiRT Rally,E79ofEtVlBg
330,FINAL FANTASY XV WINDOWS EDITION,ZFFmieoN-DM
331,Sniper Elite 4,lGBRAEvXZ94
332,Call of Duty: Modern Warfare 2,blshENwbHgs
333,Call of Duty: Black Ops II,x3tedlWs1XY
334,Batman: Arkham Origins,9pnK8akbd2M
335,Overcooked! 2,lcVISRmANIo
336,They Are Billions,QX1rPWPN4DI
337,Evolve Stage 2,zllUWn8veZA
338,Assassin's Creed Unity,xzCEdSKMkdU
339,A Dance of Fire and Ice,Bqj-tnv5K2c
340,Eternal Return: Black Survival,-KgbW-38hG8
341,Grimm,2-4xKNZ_gaA
342,Duck Game,jiSMnQUhLA0
343,BioShock Remastered,_KVfPMSK8hA
344,NBA 2K20,FQ7WBnSvjIo
345,OMORI,CyVv-jFJiJ8
346,Assassin's Creed 2,_xkCPNECud8
347,Fistful of Frags,5FcDUcNCHlo
348,Pummel Party,oiYG0Ov5jKE
349,Verdun,kWp-7XH3080
350,Battlefield: Bad Company 2,gApu9Xa3dgw
351,SpeedRunners,BDGzN0fRQI0
352,太吾绘卷 The Scroll Of Taiwu,HzJ-Cdtyf7M
353,Yu-Gi-Oh! Duel Links,kHHrOHJ5zEc
354,Teardown,TWfeWtv7Iww
355,Town of Salem,v6CVBQaedqM
356,Borderlands: The Pre-Sequel,-Jj_256ESeU
357,CRSED: F.O.A.D.,P07TLo9N1L8
358,Bloodstained: Ritual of the Night,pXGlDbDMnVE
359,Shadow Tactics: Blades of the Shogun,aIeIlUBJ07M
360,HITMAN,LVqxMCZ3u6k
361,Men of War: Assault Squad 2,sqybvSKz550
362,SOMA,BZTfi1jv-EE
363,Outlast 2,MKrUZ36IVAY
364,Outer Wilds,d6LGnVCL1_A
365,Bright Memory,MmmBuE_mYS0
366,DEVOUR,mIridrRzU3w
367,Super Meat Boy,snaionoxjos
368,Depth,CyEBaYYUroM
369,Skul: The Hero Slayer,jqk8JL76fXI
370,Football Manager 2020,FhZnNPHTzX8
371,Resident Evil 6,sS_bGpe9qE8
372,Blender,YbL-rJv3BpI
373,GTFO,NAMw22hSLl4
374,Mirror's Edge,2N1TJP1cxmo
375,Ultimate Custom Night,5jr8Rva4SDY
376,DRAGON BALL Z: KAKAROT,RoAG2g8oXQw
377,Temtem,Csx5aK5mZCI
378,Age of Empires III (2007),SSempPDd3ck
379,Hand Simulator,YQ6bZ4NwpRY
380,Fishing Planet,X0uNhsLmGWA
381,Borderlands Game of the Year,UKzMC90kaRw
382,Amnesia: The Dark Descent,u1nY_5-UrY4
383,Gang Beasts,Vz0BriND6pE
384,VA-11 Hall-A: Cyberpunk Bartender Action,EZimx2-lmQg
385,Emily is Away,LHpf9k1O01c
386,The Henry Stickmin Collection,M0JtUImSEzU
387,Deus Ex: Mankind Divided,uvSs5b6y-YM
388,Transistor,pJmtn6JP7Ug
389,Half-Life 2: Episode Two,jiTEUkqTeUI
390,Cookie Clicker,nq3GI-fK8fs
391,DRAGON BALL XENOVERSE 2,JnUbg-9v_bE
392,Pavlov VR,6P8Vi0DJ7sw
393,The Wolf Among Us,7a_St9DTuO0
394,HuniePop,f9DgGEtM1KY
395,ShellShock Live,tZytNrNvQhU
396,UNO,_I9PtAHBL_s
397,Days Gone,FKtaOY9lMvM
398,Source Filmmaker,Sc9RP6GITBY
399,STAR WARS Battlefront II,_q51LZ2HpbE
400,Neverwinter,e6z3CrnUwuI
401,Risk of Rain,pJ-aR--gScM
402,Call of Duty: Modern Warfare 3,coiTJbr9m04
403,Counter-Strike Nexon: Studio,tePgFmtJzKY
404,Blood and Bacon,b2mwW2YnXGA
405,Pacify,ArYQlYag6OE
406,Super Animal Royale,C-OKgr_YuKA
407,SUPERHOT,vrS86l_CtAY
408,Forager,lQbhm2naopQ
409,S.T.A.L.K.E.R.: Shadow of Chernobyl,wGD4bRFMRlY
410,Stranded Deep,JgZRyS7XUXs
411,A Story About My Uncle,Js0prg3r2Qk
412,Grounded,ciVgq5xO5G0
413,A Way Out,_ApSmPvxz1o
414,BioShock,X
415,STAR WARS Empire at War - Gold Pack,IZzNJLHqvhA
416,Call of Duty: Black Ops,OPTOVQFRggI
417,Ryse: Son of Rome,QNO9n9TthZg
418,Wreckfest,cbsDiIuI7KQ
419,Blade and Sorcery,fOJkoHDfaNU
420,eFootball PES 2021 SEASON UPDATE,GSXViWOyEO4
421,Magicka,1RCfimgVV24
422,Wolfenstein II: The New Colossus,4ezuTDZO1qM
423,Ultimate Chicken Horse,FYaE_xw4krw
424,Quake Champions,Paw5oUipc6c
425,The Walking Dead: Season Two,LUUWhBo20Ho
426,Two Point Hospital,SjrcU1gwkjc
427,OneShot,R8-KVcksvzo
428,Five Nights at Freddy's,zDlTuSULMqc
429,Loop Hero,lt_T8LhmnT8
430,Creativerse,Rwp_3IRcmWM
431,The Talos Principle,iAVh4_wnOIw
432,FIFA 22,vLj-27T-SEQ
433,Rec Room,mcX-SQ2IS7M
434,NEKOPARA Vol. 1,BQ-qCalqIWE
435,GRID 2,GrXJcEknZEU
436,METAL GEAR RISING: REVENGEANCE,EMCkbDnaTDM
437,Dragon's Dogma: Dark Arisen,BJbbOjemCKg
438,Hurtworld,RdvbYG_dSyI
439,Grand Theft Auto: Vice City,f_VBXRZuHTc
440,Age of Empires IV,Ovt7d34_hRA
441,Watch_Dogs,DqoQG_XYF-8
442,Resident Evil 5,EUI48f4iWPc
443,BONEWORKS,oP8C2nmv3Ag
444,What Remains of Edith Finch,S0kKF5f8nS0
445,Unheard,lofGhNt3_Ak
446,APB Reloaded,gTAnRQbiHGc
447,Skullgirls 2nd Encore,zX5Qc3D7yJU
448,Total War: SHOGUN 2,Tnx_Wr5TB5s
449,STAR WARS - Knights of the Old Republic,lL-RfE-ioJ8
450,My Friend Pedro,V3Efaiu6gBA
451,Call of Juarez: Gunslinger,OHh2RHuswqA
452,Hero Siege,YggeM7VZhJ0
453,Bright Memory: Infinite,KPddoqBkAuM
454,Street Fighter V,0nFd7Iylj5A
455,Awesomenauts - the 2D moba,41HseZ4Mpwo
456,For The King,rFyeuA0p5FA
457,Super Hexagon,2sz0mI_6tLQ
458,SteamVR,qYfNzhLXYGc
459,Total War: ATTILA,HDVybaCiVWc
460,The Sims 3,p7BAUNzJvts
461,L.A. Noire,ZbPxNGh7dto
462,ORION: Prelude,BEBr85nqhiY
463,Shakes and Fidget,Og6jldIdul4
464,Path Of Wuxia,9K1IqVLZf6k
465,Graveyard Keeper,Zd5S5rlKf_M
466,Firework,qBmClxHUaJE
467,Bloons TD Battles,yzYnX68LMS0
468,Shadow Warrior,GHnZ5iOpEeI
469,Command & Conquer Remastered Collection,9iMfypQj3k0
470,Life is Strange 2,1xYpXzqmk8Y
471,Deus Ex: Human Revolution - Director's Cut,Kq5KWLqUewc
472,Sniper Elite V2,WGzyKHl7Geo
473,Stormworks: Build and Rescue,X
474,Sven Co-op,3UqXjgkZbEQ
475,KurtzPel,WnZ9nOQQJvI
476,Empyrion - Galactic Survival,y6FRqaKciaA
477,Layers of Fear,CyDs5UJfvks
478,GUILTY GEAR -STRIVE-,jNRnL4fjFXU
479,Serious Sam 3: BFE,-F1w1AV_yjk
480,Danganronpa: Trigger Happy Havoc,RwJeZPMhdUk
481,DiRT Rally 2.0,RQ7JvIncd4Y
482,Brick Rigs,-WAsqQU4Od8
483,Miscreated,2tUo5xsNuGQ
484,Medieval Dynasty,0m_XJdDvcf4
485,Barotrauma,5astpd0RRrY
486,Draw & Guess,YRCsbyksAsU
487,DmC: Devil May Cry,OgfXeUldLt4
488,Football Manager 2021,Lc_ZpbNwPus
489,Rivals of Aether,T9WOY21TjOA
490,Tricolour Lovestory,X
491,KovaaK's,F8NABucEvsU
492,BATTLETECH,tsIMfOo_VO0
493,100% Orange Juice,XPwGGe9V-ZU
494,Chinese Parents,rdiYnBz484Y
495,ABZU,P2G54w8H4oM
496,The Plan,Ki9pPlrl_bA
497,Crypt of the NecroDancer,u_avgU1u6yM
498,MudRunner,VIdyrfnnfgA
499,ACE COMBAT 7: SKIES UNKNOWN,KQCDj3emnHk
500,S.T.A.L.K.E.R.: Call of Pripyat,vcNylGYq-v4
501,Valiant Hearts: The Great War / Soldats Inconnus : Mémoires de la Grande Guerre,Khl02WOSfXQ
502,F1 2019,zj1lVY8wrqk
503,ICEY,SouUW0tDgmI
504,Arma 2: Operation Arrowhead,Xh02Y2M2Wbg
505,EVE Online,sPFII3ozSHI
506,theHunter Classic,BcjS2G66XuE
507,RISK: Global Domination,QkyUsOwN85s
508,Call of Duty: WWII,WpUSL5rAP8Y
509,The Escapists 2,-EeZZO8haZE
510,Trine 2: Complete Story,T9cTArd30Dw
511,Back 4 Blood,kyBbYndoyTE
512,FINAL FANTASY VII,ERgrFVhL-n4
513,The Room,ZO0MXSX7zvg
514,Blackwake,LUCMgpYCNLs
515,Far Cry Primal,LJ2iH57Fs3M
516,Alien Swarm,-ZXYziBQd_Y
517,Farming Simulator 17,8NLH5hgYBrs
518,Hacknet,FgDmU7Pb96Y
519,Transformice,1Ew8wnL7KtA
520,The Evil Within 2,amHj6-GnEy0
521,Spiral Knights,P7OQRA2kDyE
522,GWENT: The Witcher Card Game,spcsH14-U9E
523,ATLAS,miwYMiEUYiA
524,Dead Space,l5WeBNfX-og
525,eFootball  PES 2020,_89i5H1zAeU
526,Counter-Strike: Condition Zero,EcDqFnUyqYo
527,Half-Life 2: Episode One,X
528,Beholder,K5k-bf4xxAw
529,Lost Castle / 失落城堡,DwI_AvpChs0
530,Danganronpa 2: Goodbye Despair,WS9OUTJgKb4
531,Quantum Break,ruY1eT9bXiw
532,Kingdoms and Castles,MdjAcB-bDt8
533,Sniper Elite 3,nsHcLZGQ81s
534,ULTRAKILL,Pw63IVgYLDc
535,Ready or Not,ZtYTwUxhAoI
536,Bayonetta,h7PZ1i992kc
537,The Evil Within,H2qITQHud2I
538,Day of Infamy,PxDdM0WE7IU
539,KARDS - The WWII Card Game,0F_qLypUg8Y
540,Move or Die,r4n9C0IzP2Y
541,Tales of Arise,8Ul6DMPIfTA
542,Pillars of Eternity,zAw4v6JbCBI
543,Crush Crush,CSRjNFiyPO8
544,F1 2021,0BLdf0gj3RY
545,Deadside,W_Oaujmj9T0
546,STAR WARS Knights of the Old Republic II - The Sith Lords,7EaTWlh-mLA
547,Infestation: The New Z,KFrq2AJF_VU
548,Tropico 6,dFcAMG4lFhI
549,Sonic Mania,VYQNnrccbj8
550,Blasphemous,T3SxYMu5qGY
551,Surviving Mars,sovutsHwmj8
552,嗜血印 Bloody Spell,F8e-Om7myaA
553,Journey,qdFCjwcK8IE
554,Foxhole,bPSYkt6fzrQ
555,Russian Fishing 4,H4lCxHQ8nL8
556,Shadow Warrior 2,AsrvGM3u9z8
557,Conqueror's Blade,UOhiMCMWRtk
558,Magic Duels,saNAgbhd2gw
559,The Expendabros,JX2SNrLsE28
560,Marvel's Avengers,LDBojdBAjXU
561,Steep,XznTHeUkGXA
562,Kingdom: Classic,iIvbTMQ9uRE
563,Call of Duty: Ghosts,Zxnx3W-HA18
564,Age of History II,JJxb0eMF3tI
565,Far Cry New Dawn,6eLHk2Eug78
566,Dust: An Elysian Tail,_e84qVDVXtc
567,Orcs Must Die! 2,b9NYR5KT8lI
568,Little Nightmares II,AI9zBBTyX-E
569,Assassin's Creed Syndicate,WTBbwgsyxvg
570,Iron Snout,xwkx-YxObs0
571,Dead Space 2,776fi2I8e6U
572,Notes of Soul,xOsLIiBStEs
573,We Were Here,q_fydTnOVTk
574,Rogue Legacy,Nv26WPuRHS8
575,Portal Knights,ccloZ7l266M
576,Assetto Corsa Competizione,CYncAnd31Q8
577,Need For Speed: Hot Pursuit,D6ouHWP0KrY
578,Farming Simulator 22,qg9VPiUtaic
579,Lobotomy Corporation | Monster Management Simulation,VmHORmTGmm0
580,Who's Your Daddy?!,HsjQdI-2PAg
581,Mutant Year Zero: Road to Eden,dHcfwONzO7I
582,Bendy and the Ink Machine,7c_xdTnVPos
583,Resident Evil Revelations 2,AwcU7E1TprM
584,Sleeping Dogs,lbGs8AJyT_Y
585,NBA 2K21,RJ_bxl5DwkM
586,Clone Drone in the Danger Zone,RvCW59eScik
587,BLOCKADE 3D,99P7e90gYB4
588,NEKOPARA Vol. 0,ObPMMcsEazY
589,The Darkness II,dxW-Jq3UXdU
590,Warhammer: End Times - Vermintide,KxTaQmhztVQ
591,Day of Defeat: Source,eOsDkhLwPj4
592,Amazing Cultivation Simulator,vRG61jRAFQ0
593,Generation Zero,uFTRaIkgUKU
594,One Finger Death Punch,R1j0VE6d-xE
595,Tales from the Borderlands,bHrMny4Fxf4
596,Zero Hour,at4H0RzMbyI
597,Dungeons 3,rjj1_lZGvC4
598,Stoneshard,xwPAr4V3oK0
599,Refunct,dni5QW9owfY
600,TrackMania Nations Forever,OkX_m7hTczI
601,Sonic Generations Collection,sQDHGCh7reA
602,Train Simulator 2022,qoCY0lXv694
603,ENDLESS Space 2,VyHB28SqsLQ
604,Brutal Legend,0ISlVt5nF2c
605,The Beginner's Guide,RBK5Jheu0To
606,Mark of the Ninja,rI_r-g4VnsY
607,Universe Sandbox,mK0qM5J8bAc
608,Paint the Town Red,_fxcdvH4O0g
609,Thief,6FtOFv5oGEI
610,Call of Duty 4: Modern Warfare,LhuIjNSg7Gg
611,Call of Duty: Ghosts,Zxnx3W-HA18
612,STAR WARS: Squadrons,w0eRkhR1z6A
613,Darwin Project,G6aIS4NUif4
614,Freddy Fazbear's Pizzeria Simulator,EGTROsvPivI
615,State of Decay,edVYXynxzio
616,LEGO Star Wars - The Complete Saga,bKbyKtFhDzE
617,Golf It!,4yFN6IM3wXw
618,Holdfast: Nations At War,Bcx4IL7XBRE
619,Dungeon Defenders II,NbqXhVdWaHg
620,Townscaper,FZ0DRg3y65E
621,Nuclear Throne,7LSs1bj41P4
622,Mass Effect (2007),PERwTPuh2Wk
623,Alien Swarm: Reactive Drop,ldf5AOCulQ4
624,Return of the Obra Dinn,ILolesm8kFY
625,LEGO Marvel Super Heroes,67RWEWEQPAg
626,Sands of Salzaar,aDzp-p7DC9c
627,Bless Unleashed,dTvL7iiXmTs
628,Baba Is You,z3_yA4HTJfs
629,Antichamber,aGsnm2nOnso
630,DJMAX RESPECT V,icxKWxuirMc
631,RuneScape ,mXAvlbgd_-c
632,TerraTech,EYFPChP_q20
633,The Outer Worlds,zNmjNA6dtEA
634,Mass Effect 2 (2010),lx9sPQpjgjU
635,Project Winter,kcX_clkApRo
636,Creative Destruction,ryWjfFBS87I
637,Monster Train,mV0IGEo7YIM
638,Farm Together,BD5vq39387c
639,Last Oasis,5GNUc_fMGaM
640,PowerWash Simulator,unvuuweAW_w
641,DUSK,LbqNRDPd5_k
642,World of Guns: Gun Disassembly,sMQOD2zNXLw
643,DRAGON BALL XENOVERSE,DoyvujFWUaE
644,Resident Evil,4q6UGCyHZCI
645,NieR Replicant ver.1.22474487139...,sPcf4pfTqfY
646,DC Universe Online,H7Nf-m6WGl4
647,Streets of Rogue,Whqzf1d-E2w
648,Yakuza: Like a Dragon,cTOAd2fq740
649,Marvel's Guardians of the Galaxy,QBn8ST8rELc
650,Dungeon Defenders,8KhaA279thk
651,CARRION,uTpaxtrf2Fs
652,XCOM: Chimera Squad,aZnpl3hWfVM
653,DEATHLOOP,F8HmSaaISpA
654,Superliminal,_SX8XMwMw6Y
655,Rhythm Doctor,BaF2YFhLaok
656,Salt and Sanctuary,u_054dUJzCE
657,Hyper Light Drifter,nWufEJ1Ava0
658,Just Cause 2: Multiplayer Mod,EJV4h3BL3Zk
659,There Is No Game: Wrong Dimension,AYITgQJVYq4
660,How to Survive,JntJAic4i-k
661,ENDLESS Legend,OsMa9EC3nf8
662,Aliens vs. Predator,Cld40qD7HcY
663,JUMP FORCE,D02r3Ph9tM8
664,Outward,rD0vqPnbQPc
665,Tower Unite,zWBLwrdRkm4
666,The Escapists,KUjLQaTQkpE
667,Wizard of Legend,1bsU7iQM66o
668,Sonic & All-Stars Racing Transformed Collection,Id38A-AeblE
669,Pathfinder: Wrath of the Righteous,nhsvrXpyulU
670,Viscera Cleanup Detail,90U9xHRRCK0
671,Survarium,-f_--CwFsNo
672,Dead Frontier 2,pBr2Mt-fbtE
673,Mountain,lxtWMOAHoiI
674,The Room Two,CbGaddIZzVs
675,World War 3,WOY7zZjvtNc
676,Skater XL - The Ultimate Skateboarding Game,P-ULQ2nhJO4
677,Wargame: Red Dragon,XVc77pOkJgQ
678,Spelunky,n50JIBBwcbM
679,South Park: The Fractured But Whole,m5sJrLw6X0o
680,Neon Abyss,NT9bv_wIEF0
681,Spyro Reignited Trilogy,orzNU1R4wb8
682,Toribash,oXFNqkXn0oQ
683,"Hot Dogs, Horseshoes & Hand Grenades",jF7gachwVr0
684,Codename CURE,2AqEW4eDjhY
685,Tales of Berseria,b2vt1MM2SyY
686,Phantasy Star Online 2,ASYF0c4NfsI
687,Shovel Knight: Treasure Trove,bhG02JG7Sns
688,Battle Brothers,C5_eSS-NTeU
689,Guns of Icarus Online,8p1YqdWmlcg
690,Rome: Total War - Collection,wDr2PQh_Lzs
691,Sword Art Online: Fatal Bullet,ROS6-ZKmdnE
692,Fallout 3,iYZpR51XgW0
693,Tom Clancy’s Splinter Cell Blacklist,wYGoFH6bWXg
694,Post Scriptum,UQ3YYgQ_IKw
695,Transport Fever 2,yK2__WGmhPw
696,Just Cause 4 Reloaded,Lfek7Kcq16g
697,Project CARS 2,z1OjVNZdRwU
698,ENDER LILIES: Quietus of the Knights,QZ6-34S7-mo
699,Psychonauts,aDbDShqvc_o
700,Half-Life: Opposing Force,ZNZsWm-Ulk4
701,ISLANDERS,nnDWm9dpu3o
702,Sins of a Solar Empire: Rebellion,d9FECUHN5go
703,Into the Breach,oaiFvuWsfy8
704,Wolfenstein: The Old Blood,Viv8e9_-kHo
705,Thief Simulator,x4AuHnNDk9A
706,Gone Home,DMDaMK-9Tzc
707,Victoria II,LO1Am2VlNuY
708,Call to Arms,dqWHxadeO14
709,Fallout: A Post Nuclear Role Playing Game,mo39pfUZyWE
710,Just Shapes & Beats,2VpqK2E8NRY
711,Saints Row 2,NJ2KFjNMwIg
712,Assassin’s Creed Brotherhood,RVNfLKS_iiw
713,Zombie Army Trilogy,F7pl_XYOBzs
714,Doki Doki Literature Club Plus!,NjKZG9HYP7U
715,World of Tanks,2t78rS2bXL8
716,Borderlands Game of the Year Enhanced,UKzMC90kaRw
717,Tree of Savior (English Ver.),Qiaw_LrVSqY
718,Car Mechanic Simulator 2015,HVnERlwKPog
719,Poly Bridge,jmkvtbZjh8I
720,Spelunky 2,Z6JVT2Sp8aQ
721,Sakura Clicker,8Pd12vh3rUU
722,Dino D-Day,y9I0Z82kCPM
723,The Banner Saga,y-42WWUOD1M
724,Blacklight: Retribution,B8LojETUc24
725,Far Cry 3 - Blood Dragon,0dofacvjRkc
726,Leaf Blower Revolution - Idle Game,jnv8EFI12nI
727,Finding Paradise,ntSOXMwil7A
728,Surgeon Simulator,ZO10bAn_8M8
729,Phoenix Wright: Ace Attorney Trilogy,PnYpTj_aUoA
730,Sanctum 2,sHwlvzaNBDk
731,Gears 5,SEpWlFfpEkU
732,Star Trek Online,gqed10FOmL4
733,Imperator: Rome,0hNKRrM0UPo
734,Murdered: Soul Suspect,1xH4_YGEBPo
735,FEZ,q55RJ41hv4c
736,BRAIN / OUT,X
737,Farming Simulator 15,l8Rc_wMsuHk
738,Quake Live,4aNG7cd7rGM
739,Streets of Rage 4,j_JtczD-9Ko
740,Orwell: Keeping an Eye On You,V6fNucgzCDs
741,Ace of Spades: Battle Builder,G6EMMZJNP5w
742,S.T.A.L.K.E.R.: Clear Sky,5QvIhQTkqKw
743,Block N Load,EWRLwmkTX4g
744,Pillars of Eternity II: Deadfire,W63cZxreR7g
745,Dorfromantik,7kKWXi_23d8
746,HUMANKIND,nGi00HqpmS0
747,missed messages.,-ZrBSZKWZf0
748,Sid Meier's Civilization: Beyond Earth,qtYWqE55s24
749,FINAL FANTASY X/X-2 HD Remaster,xv4uSttPFGI
750,Night in the Woods,Nc6f9llfs0w
751,RAGE,KoREt4C6l3k
752,Danganronpa V3: Killing Harmony,zAKPDTPiCz8
753,Krunker,zKt0EDa7G9o
754,Stronghold Crusader HD,6uXUvF3oe-8
755,Vampyr,mB7eSb12CIo
756,The Walking Dead: The Final Season,r2JcjcVhtGw
757,ELEX,ZMQh_j0JRtI
758,The Lord of the Rings Online,G_8zlm5N-K4
759,SoulWorker - Anime Action MMO,OLIJtqtoU4s
760,Spooky's Jump Scare Mansion,XGhqaCHt2Jw
761,Gunpoint,kP83Aq723DU
762,X-Plane 11,Ov0Sm9GDha4
763,911 Operator,t8QBBgjH3Q4
764,Pony Island,n8KdG-UGluE
765,Dawn of Man,02i1_wXdf7M
766,War Selection,NuaMLSxmi0U
767,Artifact,5xgz-5vIo_4
768,Sniper: Ghost Warrior 2,MrionZpp0aE
769,STAR WARS Republic Commando,MTi1KSZt5Jw
770,Cell to Singularity - Evolution Never Ends,Tmcsqg3Cj-M
771,GreedFall,jYkqIWUNzPE
772,Armello,9DIV8Hwy4n0
773,Mini Metro,Zbk_msu-iYI
774,RaceRoom Racing Experience,XmjFwLhykiQ
775,NEKOPARA Vol. 2,BQ-qCalqIWE
776,City Car Driving,Bx2qnSd0aVc
777,She Will Punish Them,rVHE-ouwn0Q
778,Bad Rats: the Rats' Revenge,xZ6g4lKGs6k
779,"Warhammer 40,000: Dawn of War - Soulstorm",Y7lxZ_bEGNM
780,Remember Me,iFFas72-dTY
781,Child of Light,PaxrIFlc6E4
782,Montaro,lzzWS9Dg8do
783,LISA: The Painful,1-kT5SDifCU
784,Burnout Paradise: The Ultimate Box,17GWRt681KQ
785,Craftopia,lGy9DO3ZVyk
786,Crash Bandicoot N. Sane Trilogy,4fbO2-egZ3U
787,The Awesome Adventures of Captain Spirit,NHu-MivPC4c
788,Last Man Standing,OL5kowYqAQQ
789,Eternal Senia,q6h9MXu8PBk
790,BioShock 2 Remastered,PZlA7dmqmLc
791,The Witness,9ytwNUMdbcE
792,STEINS;GATE,uMYhjVwp0Fk
793,Witch It,d94QO1ZpmMo
794,DiRT 4,mCgQzElkJsE
795,Injustice 2,oDav-JfidL0
796,Secret Neighbor: Hello Neighbor Multiplayer,b9LCTLGtbyw
797,Call of Duty: Infinite Warfare,EeF3UTkCoxY
798,Thronebreaker: The Witcher Tales,f0xPf87oiFk
799,Five Nights at Freddy's: Security Breach,BJ3cLVRWPFU
800,Overcooked,0ZK7veYPEJQ
801,Kingdoms of Amalur: Reckoning,bowKERo9Lq8
802,Five Nights at Freddy's 2,d2fxGag2IZ4
803,CrossCode,zuN-5yxwogU
804,Moonbase Alpha,nis2t9EubBs
805,BioShock 2,PZlA7dmqmLc
806,FlatOut 2,zGpVuknnN78
807,Sonic Adventure 2,vy2n2-gsWlY
808,METAL GEAR SOLID V: GROUND ZEROES,ltH1eWxZutE
809,Shadowrun Returns,DPBW_MFqeRs
810,Craft The World,_ggbd5Xxszg
811,Hyperdimension Neptunia Re;Birth1,zcT9H_stt1U
812,Library Of Ruina,KZipE3-BmjA
813,BLOCKPOST,veZbOjUaMEI
814,Unrailed!,BiqE0_iXXy0
815,Mini Motorways,RHX0CfcgOas
816,PICO PARK,r_-yjKYfp9Y
817,Darkwood,uuv6Zy3FIZM
818,NEKOPARA Vol. 3,BaY3rNJrXQo
819,Ultimate Doom,IQQBnVDGcb8
820,Poppy Playtime,6VXcganpmeI
821,Company of Heroes,DQYeYAPFsM8
822,Yakuza Kiwami,fuBRHFl_LiM
823,Wasteland 3,b6EAhBLgSOs
824,LEGO Worlds,uyEJBDJIwFA
825,Infestation: Survivor Stories 2020,wEe8He-TW8s
826,Griftlands,ufl14_Ne5Lg
827,Touhou Luna Nights,AUAlIyyJjr8
828,Divinity: Original Sin (Classic),rxnApC7Uxik
829,RUNNING WITH RIFLES,e1xpv-9AwPs
830,Football Manager 2019,eRfOou0uK6Y
831,Grand Theft Auto III,0VxoWT0MyLE
832,Project CARS,nCYq7eiO5X4
833,STAR WARS Jedi Knight - Jedi Academy,S8JsJOVaZ58
834,Aliens: Fireteam Elite,LZ8fZ4cKa1U
835,Valkyria Chronicles,dY6tk7tJM5I
836,Gorilla Tag,HV1O9TaK_qg
837,Tropico 4,PgOUUnClabs
838,Detention,e7BBxVtbFTs
839,NARUTO SHIPPUDEN: Ultimate Ninja STORM 3 Full Burst HD,pfPtddaiWp8
840,Ultra Street Fighter IV,d__QncYv3VU
841,WARMODE,qSgDk2y8qzI
842,Natural Selection 2,cgVDGefyNtI
843,ICARUS,mwZ_hVuPJk0
844,Garfield Kart,i7p0EUuApd4
845,Yet Another Zombie Defense,-QiUPzPk9qA
846,BIOMUTANT,r5c0-TFP18g
847,Moonlighter,Hp7tNAH9Ox0
848,The Culling,ZGZZvnvx7_I
849,Assassin’s Creed III,-pUhraVG7Ow
850,Star Conflict,hejmqlAJHzs
851,The Crew,d4JnshyKOOQ
852,Lords Of The Fallen,aBHBXOBKyAM
853,Contagion,4sYSyuuLk5g
854,"Warhammer 40,000: Inquisitor - Martyr",pdIjMFtU8IA
855,Ironsight,0R7f1MR7q9c
856,Double Action: Boogaloo,BxBVhBlqcOk
857,Tropico 5,FbxwlkfJADs
858,Darksiders,2Gkv1we5otE
859,FINAL FANTASY XIII,4H1UEHX_7X8
860,Fate Seeker,F-UiXC-VJew
861,Car Mechanic Simulator 2021,9nxIEgWNLhc
862,F.E.A.R.,p2AlffKozbg
863,Wildermyth,vgt_0ALl0Rk
864,Cooking Simulator,umjU1LpbkZ0
865,Tricky Towers,Xn6ltQrKy5I
866,SpongeBob SquarePants: Battle for Bikini Bottom - Rehydrated,V1iyBfjgjxk
867,Mount & Blade: With Fire & Sword,45xb4aAFumg
868,Sally Face - Episode One,c5zIp12TO0Y
869,Keep Talking and Nobody Explodes,1-MM1UTtjyU
870,Gotham City Impostors Free to Play,GTBgZybSLGg
871,AudioSurf,--5cyMP2eTE
872,Fran Bow,cnfXW4JRLpc
873,Vampire: The Masquerade - Bloodlines,yOPv4o9Q8Cc
874,"I Love You, Colonel Sanders! A Finger Lickin’ Good Dating Simulator",W4KLOBThpL4
875,Clustertruck,6GsRq0TMKIo
876,Children of Morta,XBJpOi5JgD0
877,Gorogoa,8ZO5WCr5yH8
878,Assassin's Creed Revelations,HMsbMK9Odoc
879,Breathedge,e0dNAq3f5pU
880,Planetary Annihilation: TITANS,mO1N_gehg-M
881,F1 2018,myVhd998Zl0
882,Gothic Playable Teaser,HuuUaHa3_sg
883,Spellbreak,OqCBqP1HCh8
884,Action Taimanin,eIsYORnIc4E
885,BATTALION 1944,OwT7DJLHAKQ
886,Supreme Commander: Forged Alliance,_ouejDOElfQ
887,Crysis,u6gsOQ8HZAU
888,Youtubers Life,SdZy1B9_Hf4
889,Dungeon of the ENDLESS,kdlcwnYFYnI
890,Defiance,FVNR8PrtnQc
891,Monster Hunter Stories 2: Wings of Ruin,eXG8nqBfY34
892,Motorsport Manager,lHnYWoUKB5I
893,Metin2,LR0p460lbNs
894,Timberman,X
895,UBOAT,CdauA4o7hB0
896,Trailmakers,L5imoirM2ek
897,Beyond: Two Souls,MtEoS0MaNyA
898,Tribes of Midgard,FpNeJP2SAJU
899,The Ascent,Xe6zxY4A4UU
900,The Walking Dead: A New Frontier,YYPPmSBnnUQ
901,Deadlight,qMM2HqKly3s
902,港詭實錄ParanormalHK,ZjaGJtSRCrM
903,Machinarium,uwZBdWRSBRs
904,Mitos.is: The Game,4XsfVMETnoE
905,Mindustry,EM6AyS8ZNzg
906,Forts,FXgL3pPlHyg
907,Rabi-Ribi,xnoChlSGfIw
908,SYNTHETIK: Legion Rising,v5-EYFkf-KU
909,House Party,X4Cgazhox24
910,Assassin’s Creed Rogue,RDeyI31pG8A
911,Shadowverse CCG,fv63lp2DHeI
912,RWBY: Grimm Eclipse,1IG5L-UbtGA
913,Last Epoch,mSAnRv54GxQ
914,Hatred,ytdEYapPXdY
915,A Short Hike,usBVx4J4CUM
916,Dark Deception,Sfp5656lweU
917,Old School RuneScape,JRGgLYhDn10
918,3DMark,GV5jjUQDNdw
919,Drug Dealer Simulator,eV7j06tZzFY
920,Sniper Ghost Warrior 3,Zq4Gxzge9Fc
921,Hardspace: Shipbreaker,FPN2HqlnB9s
922,Superflight,nxbOF5LDfEY
923,Fallout 2: A Post Nuclear Role Playing Game,5fr1KDYGkeo
924,"Warhammer 40,000: Dawn of War III",gN8geCTlZOo
925,Tyranny,Sg0WsR3EnGg
926,Half-Life: Blue Shift,qinSOOjFK2c
927,Half-Life 2: Deathmatch,REp0eB6V76w
928,Hitman: Blood Money,KcLSwNL2p3U
929,X4: Foundations,dUcXYxILnF8
930,"Warhammer 40,000: Dawn of War II: Retribution",QsywnGpRspE
931,Scribblenauts Unlimited,WJjs_mTiwjg
932,Batman - The Telltale Series,hXVkXYaKqxM
933,Monster Prom,1z-cl_lCrTQ
934,Deponia,KRQhKw-YCWs
935,Oxenfree,NAhrOoNR4ng
936,Serious Sam 4,LOFNCugeDPk
937,Hand of Fate,smGzACyrVDE
938,Dragon Age: Origins,rGbgcmNxFh4
939,Resident Evil 3: Raccoon City Demo,kUbHnwpW04A
940,Sherlock Holmes: The Devil's Daughter,X
941,Workers & Resources: Soviet Republic,w_vYNmntZVQ
942,Aragami,sgXt8cZD4-4
943,Grimm's Hollow,CKoTjs9YtFI
944,QUAKE,vi-bdUd9J3E
945,Mr.Mine,e9s4gTICpr8
946,NBA 2K19,bIzP0En2aZ4
947,Shower With Your Dad Simulator 2015: Do You Still Shower With Your Dad,T0_EWr2GJ5A
948,Potion Craft: Alchemist Simulator,JZeJsJevF8Q
949,Absolver,w0eypGqZtEQ
950,Book of Demons,-vifZwXLNUM
951,Supreme Commander 2,To5DyDXXmMU
952,Homeworld Remastered Collection,NkfOvQloJqo
953,Aseprite,4emFL4aV9WM
954,Avorion,fNlBlZ_4FMo
955,"Flashing Lights - Police, Firefighting, Emergency Services Simulator",AhHWX6fG3Dw
956,Eastward,Epo3HdhmxDo
957,封灵档案,7f1k3NtH_UQ
958,FAR: Lone Sails,QHG8Z7WDvAo
959,60 Seconds!,xqC3Bu94eU8
960,Prototype 2,-X0DfqkXeU8
961,Darksiders III,SttjjKgf7N8
962,Age of Wonders III,RxpiDGWlHno
963,Desperados III,PeJ9G77rau4
964,Kingdom Rush  - Tower Defense,eiKBfdDmg70
965,Little Inferno,-0TniR3Ghxc
966,Stronghold Crusader 2,wzjAb1h2TmE
967,Max Payne,GklHaGfncJI
968,Transmissions: Element 120,Tf4nh7o_UWI
969,Descenders,zG-dBYtbPNA
970,Half-Life 2: Lost Coast,ebWcZbIYuN4
971,Momodora: Reverie Under The Moonlight,8AA4oq96rjQ
972,RAGE 2,PLQg-Vq2zQk
973,Digger Online,ynro9Sfo4_4
974,Paunch,O17hYmrKGXo
975,Gas Station Simulator,VAg0R3EPDkw
976,RUINER,-oTUZz_BGy4
977,Yakuza Kiwami 2,vng-2rETJK0
978,Reign Of Kings,ZL1uw7aRUow
979,Solasta: Crown of the Magister,xg-zjKmFgZo
980,"Warhammer 40,000: Dawn of War II",OTjyO_FncE4
981,Project Wingman,tGBqtrAyRPI
982,Command & Conquer: Red Alert 3,CwI7NMbAxw0
983,Zup! S,CcPg1paCGVo
984,Foundation,X4QYV5GTz7c
985,OCTOPATH TRAVELER,Fmi8KrntszI
986,Going Medieval,GuHfL2kf8tM
987,Homefront: The Revolution,x1ctdXLoffA
988,Shop Titans,aC7xm3AvjfY
989,"Warhammer 40,000: Mechanicus",9gIMZ0WyY88
990,Turmoil,4QRUCfKVnPI
991,Serious Sam 2,9JrEuei3Q8I
992,BIGFOOT,v3GgknBgPDM
993,Magicka 2,l-U2UWfAtXg
994,Door Kickers,swp9d9tqg7M
995,Supraland,DLIX9VLj8mU
996,ONE PIECE: PIRATE WARRIORS 4,Oe_vm7oCdIA
997,CPUCores :: Maximize Your FPS,M7Y7qIaVmuo
998,"Dr. Langeskov, The Tiger, and The Terribly Cursed Emerald: A Whirlwind Heist",eB4B1fwgjps
999,Freestyle 2: Street Basketball,xD9cXEwOXHM
1000,Sonic Adventure DX,odNsJKiXGvc
1001,AirMech Strike,_NoDd575nLs
1002,Bloons TD 5,sDkIntXrIMc
1003,Cloudpunk,4I75L8Z6gi0
1004,VVVVVV,dnLdDTLnjm0
1005,LEGO The Lord of the Rings,zrQTJHt_Heo
1006,Transport Fever,0H3fy637enU
1007,Punch Club,07hU30YrXBg
1008,The Riftbreaker,ZdBjzw4qwyY
1009,Untitled Goose Game,9LL2AtHo1gk
1010,Resident Evil Revelations,pgSF2aY9MtM
1011,Bomber Crew,bqkc0x_CTjU
1012,Fable Anniversary,Awaa0OhDNj4
1013,Stonehearth,bmeRSBnF0bI
1014,Freeman: Guerrilla Warfare,26LPLbFXE-U
1015,Will To Live Online,ub1uUbcNop8
1016,Furi,fVQNZFBvAck
1017,Road Redemption,BNQsy_X0C7o
1018,Football Manager 2022,_q9Js7h_I5w
1019,Thomas Was Alone,5K4zjNtQ3y8
1020,Gold Rush: The Game,69Q3kzDm2no
1021,Trine 4: The Nightmare Prince,UsO2_JOa2cY
1022,S.K.I.L.L. - Special Force 2 (Shooter),PjDpQDSOWh0
1023,Gothic 1,mDUDxlPs8gk
1024,Hook,qrGpgcQHroY
1025,Easy eSports,KAOdjqyG37A
1026,SOULCALIBUR VI,kOq5dVigDGU
1027,The Room 4: Old Sins,sjrs_4FRDhw
1028,Persona 5 Strikers,KH0-THtNjTE
1029,America's Army: Proving Grounds,NFc36ysBZ0A
1030,Game of Thrones - A Telltale Games Series,WPrxExQc9cg
1031,Terminator: Resistance,MeOGFraAbLg
1032,The Mean Greens - Plastic Warfare,YBK1KN89T5w
1033,Fear Surrounds,YU_ZlRgnAo4
1034,Timberborn,VKYr4wSzUGs
1035,Octodad: Dadliest Catch,AJKtJG7bDME
1036,POLYGON: Multiplayer Shooter,zaiHio3nxF4
1037,Braid,_OsbsI2Fi7I
1038,Shotgun Farmers,s-XcniIe3zk
1039,Ultimate Epic Battle Simulator,lZ7BaRsqSjM
1040,Osiris: New Dawn,GxpSz2CzOko
1041,Crazy Machines 3,qXGMNg_uEuY
1042,From the Depths,QhTNESwAzs4
1043,LoveChoice,O4Y6kXslECc
1044,RIFT,8q43jE0Rt_c
1045,Grand Theft Auto: Episodes from Liberty City,GK5xAtCXVf0
1046,The Bureau: XCOM Declassified,Cmpf3Tm1Nt0
1047,Poker Night at the Inventory,X
1048,Cossacks 3,eKaRWNub9sw
1049,Fate Seeker II,F-UiXC-VJew
1050,Hand Simulator: Survival,YQ6bZ4NwpRY
1051,A Total War Saga: THRONES OF BRITANNIA,5MUdiBfXo04
1052,Need for Speed Payback,K-5EdHZ0hBs
1053,NGU IDLE,bZ8OVLmslks
1054,Bus Simulator 18,Pry3AC7PLhY
1055,Titan Souls,7rf9khR4vLc
1056,Hydroneer,ZfGr4BZrbJQ
1057,EVERSPACE,gJ1AsNPktiI
1058,Monaco: What's Yours Is Mine,aVdiqpQbNSo
1059,Darksiders Genesis,M_BkKeHoTi0
1060,Half-Life: Source,wtIp8jOo8_o
1061,Cyber Manhunt,fFoJCtQ1guU
1062,Five Nights at Freddy's 4,Ugi9UNCB_5Y
1063,Idle Champions of the Forgotten Realms,dMah9liwPyY
1064,Kingdom: New Lands,x170xAiKF1s
1065,LYNE,MDQudjTzoLw
1066,Need for Speed,u3wtVI-aJuw
1067,SimplePlanes,QwE0jOYc7UY
1068,This Is the Police,1Vi7AEY-Y-I
1069,Galactic Civilizations III,Zs_qG1vPY_s
1070,THE KING OF FIGHTERS XIII STEAM EDITION,8MU0wuSRafo
1071,Walking Zombie 2,KXA0RW6ppEo
1072,Life is Feudal: Your Own,VTvhhgIvRoU
1073,State of Decay: YOSE,lxMD4lRupDk
1074,Genital Jousting,1X0AtNFmqWY
1075,Defy Gravity Extended,X
1076,The Vanishing of Ethan Carter,HINFL5YrXMA
1077,Hidden Folks,kYw_tw__7ow
1078,The Room Three,2g9pqTyEaXo
1079,Death's Door,D_tmwz-AhgQ
1080,Life is Strange: True Colors,PNt1aSkYfWk
1081,Zup!,SUXXz9LS2b8
1082,Ni no Kuni II: Revenant Kingdom,2MJs869kavY
1083,SCARLET NEXUS,k1kI09X8L9Y
1084,Material Girl,MT_mqkj9ht4
1085,Carpe Diem,44Fcd8zZiKw
1086,We Happy Few,rp0M5Y6JMbQ
1087,Dishonored: Death of the Outsider,mQuHpdUbq6U
1088,The Incredible Adventures of Van Helsing,khYAqv-pmRY
1089,FINAL FANTASY IX,5XRB3bxC47M
1090,Demon Slayer -Kimetsu no Yaiba- The Hinokami Chronicles,edCPxns0CUY
1091,Viridi,wIYuVJ_R0Ns
1092,Little Witch Nobeta,jRJ1QtQxSWE
1093,Eco,ud_refZuQoA
1094,Lucius,kSEnhWGgF2I
1095,The Elder Scrolls: Legends,0_cNIP3naDc
1096,CS2D,dsO2L5gGn0I
1097,A Bird Story,SCSK0yrakxY
1098,F.E.A.R. 3,1KpKc-i43p8
1099,DEEP SPACE WAIFU,hJZrUAHpV0o
1100,In Silence,vxs0_Opqh8w
1101,Party Hard,Kswq0gX49WY
1102,Dark Messiah of Might & Magic,CXzBwMW5pzw
1103,The Red Strings Club,IKwKVukDsXQ
1104,Century: Age of Ashes,oleqzkcmxUw
1105,SUPERHOT: MIND CONTROL DELETE,rFAqvOASQrs
1106,SEGA Mega Drive and Genesis Classics,ygLqvXf6mUo
1107,MechWarrior Online Solaris 7,B0U8Bd2szGg
1108,MADNESS: Project Nexus,sbNLiP6BjIw
1109,ATOM RPG: Post-apocalyptic indie game,ad7UssUeaa8
1110,Nether: Resurrected,7-YJTQwvgJQ
1111,Drunken Wrestlers 2,bOh9ik_wH9s
1112,How to Survive 2,R21F15YdLpw
1113,Walking Simulator,Xq11CUm9JO8
1114,Five Nights at Freddy's: Sister Location,Uw4-bZkxyKQ
1115,Loading Screen Simulator,ebVlKdCS3D0
1116,Destroy All Humans!,EnxS5SZBYDM
1117,Mount Your Friends,uxqPds3qqz8
1118,Gloomhaven,8tQCpXixolE
1119,Subsistence,r2wXF28xf4g
1120,SnowRunner,P1_ty7esAnI
1121,Changed,925T_5Qt25s
1122,GunZ 2: The Second Duel,nORNUo5Mhoo
1123,CastleMiner Z,WQoIZWPpIgM
1124,FINAL FANTASY VIII,MtMGzG_91fY
1125,When the Darkness comes,liaabpFtAM0
1126,Domina,vyP3MmcReDE
1127,Need for Speed Most Wanted,DEmRkNnCvLU
1128,Mist Survival,pgSBRaKouDU
1129,Kingdom Heroes 8,PAl7qD2pnCs
1130,GORN,X
1131,Her Story,gaHw97l7-Lc
1132,Lord of the Rings: War in the North,vVPj5H1uFbM
1133,EARTH DEFENSE FORCE 4.1 The Shadow of New Despair,NxYv9cvvM9U
1134,Feed and Grow: Fish,X
1135,SUNLESS SEA,QhIk2PqPU3o
1136,Worms Armageddon,9LqDXVaMAH4
1137,Sword and Fairy 7,SAIaAulXAa0
1138,Pyre,5ib-7Rq5wPY
1139,Hired Ops,jEefrKbGJ3w
1140,Aura Kingdom,XitW1Ec1aPI
1141,FaceRig,VXylVvwvY94
1142,BPM: BULLETS PER MINUTE,rH2KIJVT5Wg
1143,Homefront,tjSOj8b804U
1144,UnEpic,Qr5dCc7_xqM
1145,Kind Words (lo fi chill beats to write to),gC1JnfWvsLM
1146,We Were Here Together,XhE5mPCHdY4
1147,Tribes: Ascend,a8ymShW-onE
1148,Cyber Hunter,ikh86XuNqrU
1149,Pit People,CL00GGTe3Zk
1150,Sunset Overdrive,cOSnhhWcukk
1151,Riders of Icarus,P_wF3GYTv4U
1152,Iron Harvest,mruZvlOucbc
1153,Anno 2070,6ONqSVh_EfM
1154,Beat Hazard,prl4PipuT28
1155,Quaver,w6Vs9HsSArE
1156,"Warhammer 40,000: Dawn of War II: Retribution",QsywnGpRspE
1157,Lucy -The Eternity She Wished For-,X
1158,Stronghold HD,PzohNEcbwqw
1159,Tannenberg,9RW4pfqNyeg
1160,The Messenger,qnm885kLggY
1161,BLOCKADE,Su8as8uxvOk
